Título,Descripcion,Fecha_lanzamiento,Duracion_ms,invitados,empresas
Andrés Garza X Benshorts | 16 Años Creando Contenido | EP. #01,"De no tener una vocación clara, a convertirse en uno de los primeros y más grandes creadores de contenido de toda habla hispana. Empezando su carrera en el 2007 y con más de 16 años de experiencia en la industria, Benshorts es la viva prueba que una profesión no te define. Viajero, músico, creador, autor y conferencista, son solo unas de las facetas que Héctor de la Hoya nos ha demostrado a lo largo de su carrera. Pero sobre todo, también Ser Humano. En este episodio se nos revela lo qué hay detrás de, uno de los canales que ha impactado a millones de personas a lo largo de los años. Hoy está con nosotros Héctor de La Hoya, mejor conocido como Benshorts.  Esto es COMPUESTOS Podcast.",2023-08-03,5094271,"Héctor de La Hoya, Benshorts",
Andrés Garza X Daniel Corral | La Gloria Olímpica | EP. #02,"De empezar desde los 3 años a practicar la gimnasia y querer dejarla por completo a los 16, a convertirse en el primer gimnasta mexicano en calificar a una final de Juegos Olímpicos. Oro, plata y bronce han sido los colores que han pintado la vida deportiva de Daniel Corral. Con múltiples apariciones en Juegos Olímpicos, Panamericanos y Universiadas. Daniel Corral es la viva prueba que el poder de la determinación y la visualización pueden llevarte Lejos. En este episodio, se nos revela todo lo qué hay detrás de uno de los deportistas de alto rendimiento que más ha impactado a la gimnasia mexicana. Hoy está con nosotros, Daniel Corral. Esto es COMPUESTOS Podcast.",2023-08-03,4660437,Daniel Corral,
Andrés Garza X Ricky Limón | ¿Cómo Gana Dinero Un Creador De Contenido? | EP. #03,"De tener el sueño de ser YouTuber a convertirse en uno de los más famosos de la plataforma y uno de los que más seguidores suma a diario. Empezando a crear contenido desde una temprana edad y a publicarlo a partir del 2020, Ricky Limón es la viva prueba de que todos podemos cumplir nuestros sueños. Viral en TikTok, YouTube e Instagram por su carisma y creatividad, pero sobre todo por su sentido del humor. Enfocándose principalmente en videos de comedia, retos y vlogs creativos y destacándose en ellos por su habilidad de crear contenido viral y por tener una gran capacidad para conectar con su audiencia. En este episodio se nos revela lo qué hay detrás de uno de los canales que ha conectado con millones de personas en una mínima cantidad de años. Hoy está con nosotros Ricardo Marcelo Limón, mejor conocido como Ricky Limón. Esto es COMPUESTOS Podcast.",2023-10-24,5990183,"Ricardo Marcelo Limón, Ricky Limón",Empezando
Andrés Garza X Ronny | Boxeo & La Velada del Año | EP. #04,"De estar desolado, a convertirse en una de las principales estrellas del evento más grande del mundo del streaming. Empezando con el box desde temprana edad y con más de 15 años de experiencia en el deporte, Ronny es la viva prueba de que con pasión todo se puede lograr. Viral por su reciente participación en el evento más grande de la plataforma de twitch, la velada del año; donde tuvo la oportunidad de ser entrenador de dos de las más grandes influencers de los últimos años, Rivers y Arigameplays. En este episodio se nos revela lo qué hay detrás de uno de los boxeadores que más ha sabido conectar con millones de personas a través del boxeo. Hoy está con nosotros Ronaldo López, mejor conocido como Ronny. Esto es COMPUESTOS Podcast.",2023-10-24,6058488,"Ronaldo López, Ronny",
Andrés Garza X Chef En Proceso | Monetizando Tu Pasión | EP. #05,"De tener una meta clara, a dejar todo para llegar a ella y así poder lograr convertirse en uno de los creadores más grandes de su nicho. Empezando en la cocina desde una temprana edad y con más de 13 millones de suscriptores a lo largo de sus redes sociales, Chef en Proceso es la viva prueba de que con dedicación todo es posible. Viral por sus colaboraciones con las grandes personalidades del internet y sus auténticas recetas de cocina, en donde no solo brilla por la originalidad en sus platillos, sino por la facilidad de su preparación. En este episodio se nos revela todo lo qué hay detrás de uno de los creadores que más ha sabido conectar con millones de personas en los últimos años. Hoy está con nosotros Isaías Espinoza, mejor conocido como Chef en Proceso. Esto es COMPUESTOS Podcast.",2023-10-25,8455368,"Isaías Espinoza, Chef en Proceso","Chef, Proceso"
Andrés Garza X Nayo Escobar | Nunca Es Tarde Para Alcanzar Tus Sueños | EP. #06,"De fracasar numerosas veces, a dejar todo atrás para así poder perseguir su pasión y lograr sentirse cien por ciento realizado. Empezando en el mundo de los negocios a una temprana edad, y en la música a los 46 años, Nayo Escobar es la viva prueba de que nunca es tarde para cumplir nuestros sueños. Viral por sus entrevistas con las diversas personalidades del internet, quienes no necesariamente son personas famosas, sino personas con grandes historias. Al finalizar dichas entrevistas realiza una composición única a sus invitados, las cuáles son subidas a su programa “Historias Hechas Canciones”. En este episodio se nos revela todo lo qué hay detrás de uno de los empresarios que más ha sabido conectar con millones de personas en los últimos años. Hoy está con nosotros Leonardo Escobar, mejor conocido como Nayo Escobar. Esto es COMPUESTOS Podcast.",2023-11-08,5651640,"Leonardo Escobar, Nayo Escobar",
¿Qué Es Compuestos?,"Un problema sencillo, es aquel que requiere de un conjunto de habilidades que una vez dominadas, automatizan un proceso. Como por ejemplo: Hacer una receta de cocina. Un problema complejo, es aquel que una vez resuelto, se vuelve replicable. Como por ejemplo: Enviar un cohete a la luna. En cambio, un problema compuesto, es una mezcla de problemas simples y complejos que nos obligan a crear una solución fuera de lo común. Como por ejemplo: Criar un hijo. Para nosotros la vida no es más que una serie de problemas compuestos esperando a ser resueltos.  En este Podcast y de la mano de Andrés Garza, vas a escuchar la historia de diversas personalidades que han resuelto sus propios problemas compuestos para llegar hasta donde están el día de hoy. ¡Que lo disfrutes!",2023-11-09,45487,,
¿Cómo Ganar 1 Millón De Dólares En Internet? | Andrés Garza X Álvaro Luque | EP. #07,"De tener una idea específica, a educarse en ella y perseguirla, para así convertirse en uno de los pioneros del mundo digital y generar ingresos de miles de millones de dólares. Empezando en el mundo digital desde hace algunos años y logrando ingresos de más de $3 millones de dólares por semana, Álvaro Luque es la viva prueba de que con consistencia todo es posible. Empresario, consultor e inversionista, pero sobre todo padre de familia y un hombre de fe. Viral por ser Director de Luque Academy, una empresa educativa que ha ayudado a más de 1,800 emprendedores a escalar sus empresas y a más de 1,600 personas lograr la independencia financiera. Su impacto ha sido tan grande que su comunidad produce más de $2,000 millones de dólares al año y genera +24,000 empleos en Latinoamérica. En este episodio se nos revela todo lo qué hay detrás de uno de los empresarios que más ha sabido explotar el mundo digital en los últimos años. Hoy está con nosotros Álvaro Luque. Esto es COMPUESTOS Podcast.",2023-11-23,4658351,Álvaro Luque,
Cómo Crear +5 Empresas A Través De Tu Marca Personal | Andrés Garza X Brenvita | EP. #08,"De ser diagnosticada con Trastornos de la Conducta Alimentaria, a convertirse en una de las personas que más ha sabido explotar el mundo fitness y la marca personal a través de las redes sociales. Empezando en el mundo de la nutrición desde hace ya más de 15 años y ayudando a +120,000 personas por año a lograr un estilo de vida saludable, Brenvita es la viva prueba de que con consistencia y esfuerzo todo es posible. Nutrióloga deportiva, creadora de contenido, pero sobre todo empresaria. Además de contar con más de 4 millones de seguidores en sus redes sociales y estar presente en 30 países, Brenvita ha conseguido formar una de las comunidades fitness más grandes de Latinoamérica. Su mensaje y carisma ha logrado impactar miles de vidas a través de sus redes y de sus programas de nutrición y entrenamiento. En este episodio se nos revela todo lo qué hay detrás de una de las creadoras de contenido que más ha sabido explotar el poder de la marca personal en los últimos años. Hoy está con nosotros Brenda Verónica, mejor conocida como Brenvita. Esto es COMPUESTOS Podcast.",2023-12-05,3175968,Brenda Verónica,Empezando
¿Cómo Hipnotizarte Para El Éxito? | Andrés Garza X John Milton | EP. #09,"De no querer centrar su vida en la hipnosis ni querer seguir los pasos de su padre Taurus, a convertirse en el hipnólogo más reconocido a nivel mundial. Empezando en el mundo de la hipnosis por querer demostrar la verdad de ella, y ya con más de 30 años promoviéndola, John Milton es la viva prueba de que con dedicación todo es posible. El máximo exponente de la hipnosis en el siglo XXI, hijo del hipnotizador de América Taurus do Brasil. Contando con una larga trayectoria académica que lo distingue dentro del campo de la hipnosis sincrónica. Asimismo, siendo reconocido por una extensa lista de éxitos, en los cuales pone en práctica sus estudios para ayudar a las personas a evolucionar mentalmente. En este episodio se nos revela todo lo qué hay detrás de uno de los mayores exponentes de la hipnosis en los últimos años. Hoy está con nosotros John Milton, mejor conocido como El Caballero de la Hipnosis. Esto es COMPUESTOS Podcast.",2024-04-22,4082280,"John Milton, El Caballero de la Hipnosis",América Taurus
Cómo Crear una Mentalidad Financiera Exitosa (Psicóloga Paola Lavín) | EP. #10,"De empezar a compartir contenido sobre Psicología y Terapia hace 7 años, a convertirse en una de las Psicólogas más virales de todo el país. Licenciada en Psicología Clínica y de la Salud por el Tec de Monterrey y Presidenta del Consejo de Bienestar en el Instituto de la Juventud de San Pedro. Contando con una Maestría en Terapia Breve con enfoque Cognitivo Conductual y Breve Sistémico por la UANL, así como diversos cursos en el Beck Institute de Terapia Cognitivo Conductual. Atendiendo actualmente a la población adolescente y a adultos jóvenes de manera presencial (Monterrey) y en línea sobre diferentes temas como: ansiedad, estrés, autoestima, perfeccionismo, hábitos, problemas familiares o de pareja, regulación emocional, miedos, crecimiento personal y cambios en el estado de ánimo. En este episodio se nos revela todo lo qué hay detrás de la Psicología de las Finanzas y el Dinero, y cómo es que nuestros pensamientos pueden influir de gran manera en nuestros Hábitos Financieros y Personales. Hoy está con nosotros la Psicóloga Paola Lavín. Esto es COMPUESTOS Podcast.",2024-04-23,6021336,la Psicóloga Paola Lavín,"Psicólogas, Salud por el Tec de Monterrey, Instituto de la Juventud de San Pedro., Psicología de las Finanzas y el Dinero, Hábitos Financieros"
Una Conversación Sin Filtros con Mauricio Fernández (Empresario Multimillonario) | EP. #11,"De empezar en la Bolsa de Nueva york a los 20 años, a convertirse en uno de los empresarios más exitosos de los últimos años. Senador de la República Mexicana de 1994 a 2000, y alcalde de San Pedro Garza García, el municipio más rico de Latinoamérica, en 3 ocasiones. Destacando en el área de negocios siendo consejero de diversas empresas como BBVA Bancomer, Grupo Industrial Alfa, Versax, Hylsamex, Sigma Alimentos, Alpek y muchas más. Fue también director de Finanzas y Planeación del Grupo Conductores de Monterrey; director de Casolar, en el Grupo Alfa; presidente y fundador de Dispersiones Múltiples; fundador y socio de Internacional Textil Corporation en La Habana, Cuba; presidente y fundador de Comercializadora de Puros, también en Cuba; socio fundador de Uniser; y socio fundador y presidente del consejo de la empresa Especialidades Cerveceras. En este episodio se nos revela todo lo qué hay detrás de uno de los empresarios que más ha sabido explotar el mundo de los negocios, y cómo es que la mentalidad que ha adaptado ha sido la causa de todos sus éxitos. Hoy está con nosotros Mauricio Fernández. Esto es COMPUESTOS Podcast.",2024-05-21,5543496,Mauricio Fernández,"Comercializadora de Puros, Senador, BBVA Bancomer, Grupo Industrial Alfa, Sigma Alimentos, Grupo Conductores de Monterrey, Grupo Alfa, Internacional Textil Corporation, Especialidades Cerveceras"
Cómo la Espiritualidad Puede Mejorar tus Finanzas y tu Vida (David Tippol) | EP. #12,"De haberlo perdido todo y haber abandonado su fe en Dios, a convertirse en unos divulgadores digitales más grandes de finanzas, fe y formación personal. Líder visionario detrás de Tippol Group, empresa encargada de financiar proyectos innovadores y fusionar el mundo financiero con la devoción profunda por Dios. La misión de David es ayudar a las personas a descubrir su potencial, uniendo lo espiritual con lo empresarial para cultivar el éxito en todos los aspectos de la vida. Se considera un amante de hablar de Dios y el desarrollo personal, con un enfoque en el desarrollo como persona y la relación con Dios. En este episodio se nos revela todo lo que hay detrás de las finanzas y Dios, y cómo es que podemos mejorar toda nuestra vida si logramos fortalecer nuestra fe y espiritualidad. Hoy está con nosotros David Tippol. Esto es COMPUESTOS Podcast.",2024-06-04,6120216,David Tippol,"Líder, Tippol Group"
"Cómo Ganar $10,000 USD al mes Online en 2024 (Jaime Higuera) | EP. #13","Jaime Higuera es Empresario, Fundador & CEO de E-com Growth Partners, una empresa dedicada a ayudar a marcas de e-commerce a alcanzar su máximo potencial mediante estrategias avanzadas de marketing digital y optimización de procesos​. Con tan solo 24 años, Jaime ha logrado generar más de $100 millones de dólares en ventas para sus socios, demostrando su capacidad para transformar negocios y generar resultados tangibles​. En este episodio hablaremos de sus inicios, su modelo de negocio, la mentalidad que lo ha llevado a generar lo que tiene y algunos consejos para personas que quieran emprender y no sepan cómo hacerlo. Redes del Invitado:   Instagram: https://www.instagram.com/jaimehigueraes  TikTok: https://www.tiktok.com/@jaimehigueraes   YouTube: https://www.youtube.com/@JaimeHigueraEspanol   Redes de COMPUESTOS Podcast:   Instagram: https://www.instagram.com/compuestospodcast   Facebook: https://www.facebook.com/compuestospodcast   TikTok: https://www.tiktok.com/@compuestospodcast   YouTube: https://www.youtube.com/@compuestospodcast  Escucha el Episodio en:    Amazon Music: https://music.amazon.com.mx/podcasts/4c30b6a4-eef3-4c2a-b1ff-b2abee7e3051/compuestos    Apple Podcasts: https://podcasts.apple.com/us/podcast/compuestos/id1700977741    Deezer: https://www.deezer.com/es/show/1000162055    Spotify: https://open.spotify.com/show/3kLgH97biRRk4BheBzysbn  Sobre Andrés: Andrés Garza es un joven de 25 años, apasionado de la Libertad Financiera y la Riqueza, formado en el Tecnológico de Monterrey a través de la Licenciatura en Administración Financiera. Actualmente, Creador de Contenido de #Finanzas, #Inversiones & #Negocios; y Asesor en Estrategias de Inversión (Figura 3) por la Asociación Mexicana de Instituciones Bursátiles (AMIB).  Síguelo en sus Redes Sociales para más Contenido:    Facebook https://www.facebook.com/AndresGrzM   Instagram https://www.instagram.com/andresgarzam   LinkedIn https://www.linkedin.com/in/andresgarzam-/   TikTok https://www.tiktok.com/@capital_inteligente   Twitter https://twitter.com/andresgarzam   YouTube https://www.youtube.com/@andresgarzam  Marcas de Tiempo: 00:00 - Intro 01:34 - ¿Quién es Jaime Higuera? Y sus inicios 02:50 - La experiencia de vivir en Londrés 07:47 - El camino de hacerse rico 08:53 - El primer emprendimiento de Jaime Higuera 11:45 - La clave del emprendimiento 13:43 - El cariño al primer negocio 14:10 - El SMMA (Agencia de Marketing Digital) como negocio 16:06 - Dar un paso hacia atrás 20:10 - Lo que no tienes que hacer para ser exitoso 21:16 - La clave para triunfar en e-commerce 26:25 - La oferta de contenido de alto valor 31:03 - Fórmulas de crecimiento para marcas 31:47 - El orígen Growth Partners 34:54 - ¿Cómo vender online? 35:49 - El problema de las agencias 36:41 - ¿Cómo cobrar más de $10,000 usd al mes como Growth Partner? 39:08 - ¿Cómo encontrar negocios que confíen en ti? 41:58 - ¿Cuánto equipo necesitas para operar como Growth Partner? 46:58 - Así debe ser tu primer negocio 48:25 - Las 3 habilidades claves de la actualidad 50:01 - La gente compra basado en valor 53:36 - ¿Cómo conseguir tu primer cliente como Growth Partner? 57:52 - La oferta única de valor 59:53 - La habilidad más valiosa ahora mismo 1:00:59 - El enfoque global de excelencia 1:02:47 - ¿Cómo manejar tu equipo de trabajo? 1:05:42 - ¿Cómo seleccionar un buen equipo de trabajo? 1:08:58 - Valora tu paz mental 1:10:12 - ¿Cuáles son las fuentes de ingreso de Jaime Higuera? 1:14:13 - ¿En qué invierte su dinero Jaime Higuera? 1:18:35 - La mejor inversión de Jaime Higuera 1:20:41 - La peor inversión de Jaime Higuera 1:21:45 - El mejor gasto que puedes hacer 1:27:05 - El peor gasto que puedes hacer 1:31:05 - ¿Todo el mundo puede generar $10,000 usd al mes?  1:34:45 - Conclusiones y final de episodio",2024-10-29,5921566,Jaime Higuera,"Fundador & CEO, E-com Growth Partners, Administración Financiera, Asociación Mexicana de Instituciones Bursátiles, Agencia de Marketing Digital, Growth Partners"
Cómo la Pornografía Afecta tu Mente y Emociones (La Ducha Fría) | EP. #14,"David Tesch, mejor conocido como La Ducha Fría, es un experto en bienestar y desarrollo personal, famoso por su enfoque en el uso de duchas frías como una herramienta para mejorar la salud física y mental. Con una gran presencia en redes sociales, David ha inspirado a miles de personas a adoptar hábitos más saludables y resilientes en su vida diaria. Su filosofía se centra en enfrentar los desafíos con una mente clara y un cuerpo fuerte, promoviendo así un estilo de vida más equilibrado y consciente. En este episodio hablaremos de las adicciones, el poder del cerebro, cómo construir confianza en uno mismo y de cómo podemos empezar a cambiar nuestros hábitos sin fallar en el proceso. Redes del Invitado:   Instagram: https://www.instagram.com/laduchafria  TikTok: https://www.tiktok.com/@laduchafria   YouTube: https://www.youtube.com/@laduchafriaoficial   Redes de COMPUESTOS Podcast:   Instagram: https://www.instagram.com/compuestospodcast  Facebook: https://www.facebook.com/compuestospodcast   TikTok: https://www.tiktok.com/@compuestospodcast   YouTube: https://www.youtube.com/@compuestospodcast  Escucha el Episodio en:    Amazon Music: https://music.amazon.com.mx/podcasts/4c30b6a4-eef3-4c2a-b1ff-b2abee7e3051/compuestos    Apple Podcasts: https://podcasts.apple.com/us/podcast/compuestos/id1700977741    Deezer: https://www.deezer.com/es/show/1000162055    Spotify: https://open.spotify.com/show/3kLgH97biRRk4BheBzysbn   Sobre Andrés: Andrés Garza es un joven de 25 años, apasionado de la Libertad Financiera y la Riqueza, formado en el Tecnológico de Monterrey a través de la Licenciatura en Administración Financiera. Actualmente, Creador de Contenido de #Finanzas, #Inversiones & #Negocios; y Asesor en Estrategias de Inversión (Figura 3) por la Asociación Mexicana de Instituciones Bursátiles (AMIB). Síguelo en sus Redes Sociales para más Contenido:    Facebook https://www.facebook.com/AndresGrzM   Instagram https://www.instagram.com/andresgarzam   LinkedIn https://www.linkedin.com/in/andresgarzam-   TikTok https://www.tiktok.com/@capital_inteligente   Twitter https://twitter.com/andresgarzam   YouTube https://www.youtube.com/@andresgarzam  Marcas De Tiempo: 00:00 - Intro 01:27 - ¿Cuál es el mayor enemigo de los hombres? 02:50 - ¿Cómo afecta a la sociedad la actualidad que estamos viviendo? 06:00 - ¿Qué es la dopamina? 08:08 - ¿Cómo conseguimos dopamina? 09:16 - ¿Qué son los súper-estímulos? 12:17 - ¿Los súper-estímulos son malos? 14:54 - Consecuencias de los súper-estímulos 15:07 - ¿Cómo funcionan las moléculas de la dopamina? 18:20 - La neuroplasticidad 21:18 - Uno no cambia hasta que no sufre 23:54 - La consecuencia más grande de ver pornografía 26:01 - Desarrollar los caminos neuronales correctos 29:44 - ¿El sistema nos quiere débiles? 34:57 - ¿Cómo construir confianza en ti mismo? 39:51 - El círculo de abundancia y el círculo negativo 43:59 - El poder de la conciencia 50:02 - La opinión de David Tesch sobre el dinero 52:20 - La sexualización de la mente 54:32 - ¿Cómo salir de los malos hábitos? 59:45 - ¿Cómo cambiar tu vida? 1:06:31 - ¿Cómo saber si eres adicto a la pornografía? 1:08:46 - El sufrimiento es la razón 1:10:47 - Las parejas tóxicas 1:14:41 - Conclusiones y final de episodio",2024-11-12,4947311,"David Tesch, La Ducha Fría","Administración Financiera, Asociación Mexicana de Instituciones Bursátiles"
El Secreto para Vivir del Trading Sin Ser un Experto (Alex Ruiz) | EP. #15,"Alex Ruiz es un destacado analista y una de las figuras más destacadas en el mundo del trading de habla hispana. Con amplia experiencia en el análisis de mercados y la gestión de inversiones, Alex ha ayudado a miles a navegar las complejidades del trading y a tomar decisiones informadas. Su enfoque analítico y su capacidad para identificar tendencias clave lo han convertido en una referencia para aquellos que buscan mejorar sus habilidades en el mercado financiero. En este episodio hablaremos de sus inicios, de qué es y cómo hacer trading, de la gestión de riesgos, de cómo ser un trader rentable y todas las verdades ocultas sobre el trading. Redes del Invitado:   Instagram: https://www.instagram.com/alexruizn7/  TikTok: https://www.tiktok.com/@alexruizn7  YouTube: https://www.youtube.com/@AlexRuiiz  Redes de COMPUESTOS Podcast:   Instagram: https://www.instagram.com/compuestospodcast  Facebook: https://www.facebook.com/compuestospodcast  TikTok: https://www.tiktok.com/@compuestospodcast   YouTube: https://www.youtube.com/@compuestospodcast  Escucha el Episodio en:    Amazon Music: https://music.amazon.com.mx/podcasts/4c30b6a4-eef3-4c2a-b1ff-b2abee7e3051/compuestos    Apple Podcasts: https://podcasts.apple.com/us/podcast/compuestos/id1700977741    Deezer: https://www.deezer.com/es/show/1000162055    Spotify: https://open.spotify.com/show/3kLgH97biRRk4BheBzysbn   Sobre Andrés: Andrés Garza es un joven de 25 años, apasionado de la Libertad Financiera y la Riqueza, formado en el Tecnológico de Monterrey a través de la Licenciatura en Administración Financiera. Actualmente, Creador de Contenido de #Finanzas, #Inversiones & #Negocios; y Asesor en Estrategias de Inversión (Figura 3) por la Asociación Mexicana de Instituciones Bursátiles (AMIB).  Síguelo en sus Redes Sociales para más Contenido:    Facebook https://www.facebook.com/AndresGrzM   Instagram https://www.instagram.com/andresgarzam   LinkedIn https://www.linkedin.com/in/andresgarzam-   TikTok https://www.tiktok.com/@capital_inteligente   Twitter https://twitter.com/andresgarzam   YouTube https://www.youtube.com/@andresgarzam  Marcas De Tiempo: 00:00 - Intro 01:22 - ¿Quién es Alex Ruiz? 02:28 - ¿Qué es el trading? 03:11 - Tipos de trading 05:07 - ¿Qué hace un trader? 07:50 - ¿Con cuánto dinero puedes empezar en trading? 08:39 - ¿Qué son las cuentas fondeadas? 10:52 - ¿El trading es para todo el mundo? 13:13 - La primera operación de trading de Alex Ruiz 14:12 - ¿Cuánto puedes ganar con trading? 17:59 - ¿Estrategias del pasado sirven hoy? 18:17 - ¿Qué es una vela en trading? 19:48 - Es imposible no perder dinero en trading 21:43 - ¿Qué es un indicador técnico? 23:49 - ¿Qué indicadores usar al hacer trading? 24:41 - ¿Cuál es la acción del precio? 27:34 - Lo más que ha ganado Alex Ruiz en trading 31:51 - ¿En qué plataforma hacer trading? 37:28 - Resistencias y soportes en trading 38:56 - La estrategia de trading de Alex Ruiz 39:48 - Los ciclos de mercado en trading 41:24 - ¿Cómo empezar en el mundo del trading? 44:05 - La educación y el trading 45:25 - ¿Con cuánto dinero puedes empezar en el trading? 49:37 - ¿Cómo saber si una estrategia de trading es mala? 50:38 - ¿Por qué el trading no es apostar? 53:52 - ¿Por qué la gente hace trading aunque pierda? 55:08 - ¿Cómo saber si eres un trader rentable? 59:54 - Gestión activa vs gestión pasiva 1:01:57 - Copy trading 1:05:13 - Bots de tradings 1:09:08 - Day profit y stop loss 1:13:09 - ¿Cómo manejar las pérdidas en el trading? 1:17:49 - Consejos para traders principiantes  1:19:45 - Cierre y conclusiones del episodio",2024-11-26,4973591,Alex Ruiz,"Administración Financiera, Asociación Mexicana de Instituciones Bursátiles"
La Verdad De Ganar Millones Por Internet (Adrián Sáenz) | EP. #16,"Adrián Sáenz es un emprendedor e inversor español, considerado uno de los mayores divulgadores de finanzas personales de habla hispana. Gracias al éxito de sus empresas, Adrián ha construido un portafolio de inversión de más de 7 cifras, documentando desde cero este proceso en su canal de YouTube. Con un enfoque transparente y educativo, comparte con su audiencia estrategias para desarrollar habilidades financieras y ampliar su conocimiento sobre la gestión del dinero, inspirando a muchos a seguir sus pasiones y crear su propio camino en el mundo digital. En este episodio hablaremos de sus inicios, sus emprendimientos a lo largo de los años, cómo ganar dinero con YouTube y algunos consejos para tener éxito en redes sociales. Redes del Invitado:   Instagram: https://www.instagram.com/adrians/  TikTok: https://www.tiktok.com/@adriansaenzc  YouTube: https://www.youtube.com/@AdrianSaenz  Redes de COMPUESTOS Podcast:   Instagram: https://www.instagram.com/compuestospodcast   Facebook: https://www.facebook.com/compuestospodcast   TikTok: https://www.tiktok.com/@compuestospodcast   YouTube: https://www.youtube.com/@compuestospodcast  Escucha el Episodio en:    Amazon Music: https://music.amazon.com.mx/podcasts/4c30b6a4-eef3-4c2a-b1ff-b2abee7e3051/compuestos    Apple Podcasts: https://podcasts.apple.com/us/podcast/compuestos/id1700977741    Deezer: https://www.deezer.com/es/show/1000162055    Spotify: https://open.spotify.com/show/3kLgH97biRRk4BheBzysbn   Sobre Andrés: Andrés Garza es un joven de 25 años, apasionado de la Libertad Financiera y la Riqueza, formado en el Tecnológico de Monterrey a través de la Licenciatura en Administración Financiera. Actualmente, Creador de Contenido de #Finanzas, #Inversiones & #Negocios; y Asesor en Estrategias de Inversión (Figura 3) por la Asociación Mexicana de Instituciones Bursátiles (AMIB).  Síguelo en sus Redes Sociales para más Contenido:    Facebook https://www.facebook.com/AndresGrzM   Instagram https://www.instagram.com/andresgarzam   LinkedIn https://www.linkedin.com/in/andresgarzam-/   TikTok https://www.tiktok.com/@capital_inteligente   Twitter https://twitter.com/andresgarzam   YouTube https://www.youtube.com/@andresgarzam  Marcas De Tiempo: 00:00 - Intro 01:54 - ¿Cuál es el propósito de Adrián Sáenz? 04:01 - Todos los emprendimientos de Adrián Sáenz 07:43 - ¿Cómo empezó el canal de YouTube de Adrián Sáenz? 12:43 - La importancia de delegar responsabilidades 14:41 - ¿Cuánto tarda un canal de YouTube en tener éxito? 17:40 - ¿Cuántos videos sube por semana a YouTube Adrián Sáenz? 22:00 - ¿Cualquier persona puede crear contenido? 24:06 - ¿Pasar de contenido corto a contenido largo? 26:43 - Lo que busca la audiencia 28:00 - Las fuentes de ingreso a Adrián Sáenz 30:38 - ¿Cómo se gana dinero con YouTube? 36:58 - ¿Cuánto dinero gana Adrián Sáenz con YouTube? 38:11 - ¿Reinvertir todos los ingresos de YouTube? 41:39 - ¿Por qué el contenido de Adrián Sáenz conecta con la audiencia? 45:47 - Las métricas más importantes de YouTube 50:34 - ¿Ganar dinero te cambia como persona? 52:17 - ¿Cómo ser un buen líder y formar un gran equipo? 55:10 - ¿Perfeccionar una habilidad o aprender muchas habilidades? 59:05 - ¿Cómo organiza su dinero Adrián Sáenz? 1:01:07 - ¿Cómo evitar la inflación de vida? 1:05:03 - Las finanzas personales de Adrián Sáenz 1:06:40 - El portafolio de inversión de Adrián Sáenz 1:08:09 - El mejor consejo sobre el manejo del dinero 1:12:48 - La mejor inversión de Adrián Sáenz 1:13:57 - La peor inversión de Adrián Sáenz 1:16:29 - Conclusiones y final del episodio",2024-12-10,4789583,Adrián Sáenz,"Administración Financiera, Asociación Mexicana de Instituciones Bursátiles"
7 Hábitos para Mejorar tu Salud y Transformar tu Vida (Dr. Carlos Jaramillo) | EP. #17,"El Doctor Carlos Jaramillo es un médico colombiano especializado en medicina funcional y bioquímica nutricional. Reconocido por especializarse en la salud integral y en la prevención de enfermedades a través de la alimentación y hábitos saludables. Su enfoque se centra en la medicina funcional, un área que busca tratar las enfermedades desde su raíz. Con más de 9 millones de seguidores en sus redes sociales, el Dr. Jaramillo ha ampliado su impacto como educador y autor, convirtiéndose en una de las figuras más influyentes en el ámbito de la salud y el bienestar en Latinoamérica. En este episodio hablamos de los mitos sobre la alimentación, la realidad de las dietas, el impacto del café y del alcohol en tu vida y de cómo mejorar nuestro bienestar de manera sostenible. Redes del Invitado:   Instagram: https://www.instagram.com/drcarlosjaramillo  TikTok: https://www.tiktok.com/@drcarlosjaramillo   YouTube: https://www.youtube.com/@drcarlosjaramillo  Redes de COMPUESTOS Podcast:    Instagram: https://www.instagram.com/compuestospodcast   Facebook: https://www.facebook.com/compuestospodcast   TikTok: https://www.tiktok.com/@compuestospodcast   YouTube: https://www.youtube.com/@compuestospodcast  Escucha el Episodio en:    Amazon Music: https://music.amazon.com.mx/podcasts/4c30b6a4-eef3-4c2a-b1ff-b2abee7e3051/compuestos    Apple Podcasts: https://podcasts.apple.com/us/podcast/compuestos/id1700977741    Deezer: https://www.deezer.com/es/show/1000162055    Spotify: https://open.spotify.com/show/3kLgH97biRRk4BheBzysbn   Sobre Andrés: Andrés Garza es un joven de 25 años, apasionado de la Libertad Financiera y la Riqueza, formado en el Tecnológico de Monterrey a través de la Licenciatura en Administración Financiera. Actualmente, Creador de Contenido de #Finanzas, #Inversiones & #Negocios; y Asesor en Estrategias de Inversión (Figura 3) por la Asociación Mexicana de Instituciones Bursátiles (AMIB).  Síguelo en sus Redes Sociales para más Contenido:    Facebook https://www.facebook.com/AndresGrzM   Instagram https://www.instagram.com/andresgarzam   LinkedIn https://www.linkedin.com/in/andresgarzam-   TikTok https://www.tiktok.com/@capital_inteligente   Twitter https://twitter.com/andresgarzamYouTube https://www.youtube.com/@andresgarzam  Marcas De Tiempo: 00:00 - Intro 01:45 - ¿Quién es el Doctor Carlos Jaramillo? 06:41 - La trayectoria del Doctor Jaramillo 09:01 - ¿Qué es la medicina funcional? 11:21 - ¿La salud se construye? 12:30 - ¿La diabetes tiene cura? 15:39 - Hacer consciente lo inconsciente 16:20 - ¿Cuál es el mito más grande de la alimentación? 17:12 - ¿Cuántas veces debemos comer al día? 19:50 - ¿El desayuno es la comida más importante? 21:10 - La historia del desayuno 24:20 - ¿Cuál es el desayuno ideal? 27:21 - ¿Los ayunos son buenos? 31:33 - Los beneficios del ayuno 37:12 - El máximo tiempo que se puede ayunar 38:52 - ¿Qué se cataloga como un buen plato? 40:59 - Fórmula para calcular la cantidad de proteína necesaria 41:58 - ¿Qué es comer mal? 47:59 - La realidad de la dieta keto 53:25 - ¿Qué hacer para tener una vida sana? 1:00:05 - Consecuencias de una alimentación desbalanceada 1:06:12 - La verdadera libertad requiere responsabilidad 1:08:20 - La alimentación perfecta 1:09:24 - ¿El refresco y los snacks son malos? 1:17:53 - La verdad de los supermercados 1:20:15 - ¿Para qué están diseñados los alimentos? 1:24:02 - ¿Los lácteos son buenos? 1:27:27 - La realidad de los aceites vegetales 1:31:23 - La consecuencia de los aceites 1:33:48 - ¿En cuánto tiempo puedes cambiar tu vida? 1:34:17 - ¿Tomar alcohol es malo? 1:37:25 - ¿El café es bueno? 1:38:46 - ¿El ejercicio es opcional? 1:40:41 - ¿Cómo mejorar tu condición física? 1:41:50 - ¿Cómo tener un buen sueño? 1:44:20 - Conclusiones y final del episodio",2024-12-24,6317740,El Doctor Carlos Jaramillo,"Administración Financiera, Asociación Mexicana de Instituciones Bursátiles, Fórmula"
Cómo Encontrar tu Propósito de Vida y Diseñar tu Futuro (Salvador Alva) | EP. #18,"Salvador Alva es autor, consejero y empresario, ex presidente de PepsiCo Latinoamérica y expresidente del Tecnológico de Monterrey. Gracias a su liderazgo ha sido reconocido como uno de los mayores líderes empresariales, llegando a ser nombrado por la revista Fortune como ""uno de los seis líderes más influyentes de PepsiCo"". A lo largo de su trayectoria, Salvador se ha destacado por impulsar una cultura de transformación organizacional enfocada en el desarrollo de talento, el empoderamiento, la innovación y el emprendimiento. En este episodio hablamos de su visión del liderazgo, el futuro de la educación, cómo gestionar negocios en un mundo cambiante y de cómo desarrollar una mentalidad enfocada en el crecimiento personal y profesional. Redes del Invitado:   Instagram: https://www.instagram.com/salvadoralvagomez  LinkedIn: https://www.linkedin.com/in/salvadoralva  X: https://twitter.com/salvador  Redes de COMPUESTOS Podcast:   Instagram: https://www.instagram.com/compuestospodcast   Facebook: https://www.facebook.com/compuestospodcast   TikTok: https://www.tiktok.com/@compuestospodcast   YouTube: https://www.youtube.com/@compuestospodcast  Escucha el Episodio en:    Amazon Music: https://music.amazon.com.mx/podcasts/4c30b6a4-eef3-4c2a-b1ff-b2abee7e3051/compuestos    Apple Podcasts: https://podcasts.apple.com/us/podcast/compuestos/id1700977741    Deezer: https://www.deezer.com/es/show/1000162055    Spotify: https://open.spotify.com/show/3kLgH97biRRk4BheBzysbn   Sobre Andrés: Andrés Garza es un joven de 25 años, apasionado de la Libertad Financiera y la Riqueza, formado en el Tecnológico de Monterrey a través de la Licenciatura en Administración Financiera. Actualmente, Creador de Contenido de #Finanzas, #Inversiones & #Negocios; y Asesor en Estrategias de Inversión (Figura 3) por la Asociación Mexicana de Instituciones Bursátiles (AMIB).  Síguelo en sus Redes Sociales para más Contenido:    Facebook https://www.facebook.com/AndresGrzM   Instagram https://www.instagram.com/andresgarzam   LinkedIn https://www.linkedin.com/in/andresgarzam-   TikTok https://www.tiktok.com/@capital_inteligente   Twitter https://twitter.com/andresgarzam   YouTube https://www.youtube.com/@andresgarzam  Marcas De Tiempo: 00:00 - Intro 02:03 - ¿Cómo diseñar tu vida? 05:46 - Los pasos para diseñar tu vida 08:23 - Estamos diseñados para el juego del dinero 09:55 - ”Despacio que voy deprisa” 10:41 - El ejercicio de los 10 minutos que cambiará tu vida 13:46 - ¿Cómo Salvador logró dirigir PepsiCo y el Tec de Monterrey? 14:25 - ¿Cuál es la clave del optimismo?  19:36 - ¿Qué pasa si no tienes un plan de vida? 20:54 - ¿Qué es lo que te distrae de lo que quieres hacer? 26:05 - ¿Qué es un plan de vida? 29:36 - La pirámide de Abraham Maslow 35:54 - La filosofía de Salvador Alva 41:24 - ¿Qué es un líder servicial? (jefe vs líder) 46:49 - Vivimos en un mundo consumista  49:21 - ¿Cómo las empresas crean necesidades? 1:00:20 - Vivimos en un mundo lleno de paradigmas 1:02:46 - La opinión de Salvador sobre el sistema educativo actual 1:08:56 - Las habilidades más demandadas actualmente  1:11:10 - Consejos para elegir una carrera universitaria 1:17:16 - Los activos intangibles 1:23:14 - La realidad sobre ser líder 1:27:14 - Conclusiones y final del episodio",2025-01-07,5340096,Salvador Alva,"PepsiCo Latinoamérica, Tecnológico de Monterrey, revista Fortune, PepsiCo, Administración Financiera, Asociación Mexicana de Instituciones Bursátiles, Tec de Monterrey"
5 Hábitos para Dormir Mejor y Transformar tu Salud (Dr. Carlos Jaramillo) | EP. #19,"El Doctor Carlos Jaramillo es un médico colombiano especializado en medicina funcional y bioquímica nutricional. Reconocido por especializarse en la salud integral y en la prevención de enfermedades a través de la alimentación y hábitos saludables. Su enfoque se centra en la medicina funcional, un área que busca tratar las enfermedades desde su raíz. Con más de 9 millones de seguidores en sus redes sociales, el Dr. Jaramillo ha ampliado su impacto como educador y autor, convirtiéndose en una de las figuras más influyentes en el ámbito de la salud y el bienestar en Latinoamérica. En esta segunda parte hablamos de la relación entre salud física, mental y emocional, la importancia del ejercicio, los hábitos que pueden transformar nuestra salud y de cómo mejorar la calidad de nuestro sueño de manera exponencial. Redes del Invitado:   Instagram: https://www.instagram.com/drcarlosjaramillo  TikTok: https://www.tiktok.com/@drcarlosjaramillo   YouTube: https://www.youtube.com/@drcarlosjaramillo  Redes de COMPUESTOS Podcast:    Instagram: https://www.instagram.com/compuestospodcast   Facebook: https://www.facebook.com/compuestospodcast   TikTok: https://www.tiktok.com/@compuestospodcast   YouTube: https://www.youtube.com/@compuestospodcast  Escucha el Episodio en:    Amazon Music: https://music.amazon.com.mx/podcasts/4c30b6a4-eef3-4c2a-b1ff-b2abee7e3051/compuestos    Apple Podcasts: https://podcasts.apple.com/us/podcast/compuestos/id1700977741    Deezer: https://www.deezer.com/es/show/1000162055    Spotify: https://open.spotify.com/show/3kLgH97biRRk4BheBzysbn   Sobre Andrés: Andrés Garza es un joven de 25 años, apasionado de la Libertad Financiera y la Riqueza, formado en el Tecnológico de Monterrey a través de la Licenciatura en Administración Financiera. Actualmente, Creador de Contenido de #Finanzas, #Inversiones & #Negocios; y Asesor en Estrategias de Inversión (Figura 3) por la Asociación Mexicana de Instituciones Bursátiles (AMIB).  Síguelo en sus Redes Sociales para más Contenido:    Facebook https://www.facebook.com/AndresGrzM   Instagram https://www.instagram.com/andresgarzam   LinkedIn https://www.linkedin.com/in/andresgarzam-   TikTok https://www.tiktok.com/@capital_inteligente   Twitter https://twitter.com/andresgarzam   YouTube https://www.youtube.com/@andresgarzam  Marcas De Tiempo: 00:00 - Intro 02:06 - ¿Cuántas horas debes dormir? 05:30 - ¿Qué pasa si duermes más de 8 horas? 06:05 - Los ciclos del sueño 10:02 - ¿Funciona levantarse a las 5:00 a.m.? 14:24 - Las consecuencias de no dormir 17:46 - La verdad sobre las pastillas para dormir 18:58 - ¿Cómo mejorar el sueño? 23:48 - ¿Cómo funcionan los ciclos de sueño? 26:27 - ¿Cómo funciona el desarrollo de la masa muscular? 32:37 - ¿Cómo crecen los músculos? 36:07 - ¿Hacer ejercicio en ayuno es malo? 37:13 - ¿Los suplementos deportivos funcionan? 39:50 - ¿Qué es la creatina? 41:59 - La realidad de los aminoácidos 45:07 - ¿Hacer bulking es bueno? 45:44 - ¿Qué son los esteroides y cómo funcionan? 54:59 - Los mejores nootrópicos (mejorar funciones cerebrales) 59:46 - El estrés y el burnout 1:08:58 - Conclusiones y final del episodio",2025-01-21,4178160,El Doctor Carlos Jaramillo,"Administración Financiera, Asociación Mexicana de Instituciones Bursátiles"
Cómo Encontrar Pareja y Construir una Relación Sana (Daniel Morales Psicólogo) | EP. #20,"Daniel Morales Psicólogo es un psicoterapeuta experto en la atención de problemas de pareja, cuenta con una maestría en Terapia Breve con enfoque Cognitivo Conductual y un doctorado en Psicoterapia Gestalt. Su pasión por ayudar a las personas lo ha impulsado a desarrollar una plataforma integral que abarca desde terapia individual y de pareja, hasta programas en línea, conferencias, capacitaciones y cursos. Además de su práctica como psicoterapeuta, Daniel ha sabido aprovechar el alcance de las redes sociales para impactar positivamente a una audiencia aún mayor, logrando llevar su mensaje a millones de personas. En este episodio hablamos de cómo construir relaciones auténticas y saludables, cómo mantener un equilibrio entre la vida profesional, personal y en pareja y de cómo desarrollar herramientas para enfrentar los retos emocionales con confianza y claridad. Redes del Invitado:   Facebook: https://www.facebook.com/DanielMoralesPsicologo  Instagram: https://www.instagram.com/danielmoralespsicologo   TikTok: https://www.tiktok.com/@danielmoralespsicologo   YouTube: https://youtube.com/@DanielMoralesPsicologo  Redes de COMPUESTOS Podcast:    Instagram: https://www.instagram.com/compuestospodcast   Facebook: https://www.facebook.com/compuestospodcast   TikTok: https://www.tiktok.com/@compuestospodcast   YouTube: https://www.youtube.com/@compuestospodcast  Escucha el Episodio en:    Amazon Music: https://music.amazon.com.mx/podcasts/4c30b6a4-eef3-4c2a-b1ff-b2abee7e3051/compuestos    Apple Podcasts: https://podcasts.apple.com/us/podcast/compuestos/id1700977741    Deezer: https://www.deezer.com/es/show/1000162055    Spotify: https://open.spotify.com/show/3kLgH97biRRk4BheBzysbn   Sobre Andrés: Andrés Garza es un joven de 25 años, apasionado de la Libertad Financiera y la Riqueza, formado en el Tecnológico de Monterrey a través de la Licenciatura en Administración Financiera. Actualmente, Creador de Contenido de #Finanzas, #Inversiones & #Negocios; y Asesor en Estrategias de Inversión (Figura 3) por la Asociación Mexicana de Instituciones Bursátiles (AMIB).  Síguelo en sus Redes Sociales para más Contenido:    Facebook https://www.facebook.com/AndresGrzM   Instagram https://www.instagram.com/andresgarzam   LinkedIn https://www.linkedin.com/in/andresgarzam-   TikTok https://www.tiktok.com/@capital_inteligente   Twitter https://twitter.com/andresgarzam   YouTube https://www.youtube.com/@andresgarzam  Marcas De Tiempo: 00:00 - Intro 03:38 - ¿Quién es Daniel Morales? 05:08 - ¿Qué es la terapia breve cognitivo-conductual? 06:54 - ¿Qué es la terapia Gestalt? 11:20 - ¿Cómo encontrar pareja? 14:57 - ¿Cómo prepararte para encontrar pareja? 16:45 - ¿Cómo seleccionar una buena pareja? 20:30 - ¿Existe el amor a primera vista? 21:41 - El peor error que puedes cometer al buscar pareja 24:52 - ¿Por qué hay personas que tienen miedo a estar solas? 27:20 - ¿Cómo lidiar con el miedo de quedarse solo? 32:52 - ¿Qué te rompan el corazón es lo peor que te puede pasar? 35:17 - ¿Necesitas tener dinero para salir con alguien? 40:55 - ¿Debes poner expectativas de tu pareja? 46:39 - ¿Sirven las aplicaciones de citas? (Tinder, Bumble, etc…) 52:16 - ¿Qué tanto influye tu pasado en una relación? (Heridas del pasado) 1:00:38 - ¿Los celos son por la inseguridad? 1:04:00 - Los tipos de infidelidades 1:05:37 - ¿Cómo manejar las finanzas en pareja? 1:09:59 - Buenas señales de una relación 1:17:58 - Malas señales de una relación 1:21:19 - ¿Cómo se siente estar en una relación correcta? 1:24:50 - ¿Cómo lidiar con las inseguridades para que no nos afecte en pareja? 1:27:43 - ¿Cómo construir una buena comunicación con tu pareja? 1:30:42 - ¿Tenemos que amar o admirar a la pareja? 1:31:59 - Los mayores mitos de las relaciones exitosas 1:38:33 - Los cinco pilares para impulsar tu vida 1:41:53 - ¿Puedes hacer feliz a tu pareja? 1:47:06 - La edad perfecta para tener pareja 1:48:56 - ¿Es bueno estar solo? 1:49:21 - ¿Cómo practicar el amor sin el apego?",2025-02-04,6676271,Daniel Morales Psicólogo,"Administración Financiera, Asociación Mexicana de Instituciones Bursátiles"
"Todo Sobre Los Impuestos: Qué Son, Quién Los Paga y Cuánto (Fiscalista César Ramírez) | EP. #21","César Ramírez es Licenciado en Derecho, Licenciado en Contaduría pública y Maestro en Impuestos. Cuenta con más de 10 años de experiencia en el rubro, y se ha especializado en ayudar a las empresas a optimizar su carga fiscal dentro del marco legal.En este episodio hablamos sobre todo acerca de los impuestos, desde los tipos de impuestos que existen, quiénes deben pagarlos y cuánto se debe pagar, hasta algunos de los mitos más comunes acerca de ellos.Redes del Invitado: Instagram: https://www.instagram.com/cesarramirezrdz YouTube: https://youtube.com/@estrategafiscalEscucha el Episodio en:  Amazon Music: https://music.amazon.com.mx/podcasts/4c30b6a4-eef3-4c2a-b1ff-b2abee7e3051/compuestos   Apple Podcasts: https://podcasts.apple.com/us/podcast/compuestos/id1700977741   Deezer: https://www.deezer.com/es/show/1000162055   Spotify: https://open.spotify.com/show/3kLgH97biRRk4BheBzysbnSobre Andrés:Andrés Garza es un joven de 25 años, apasionado de la Libertad Financiera y la Riqueza, formado en el Tecnológico de Monterrey a través de la Licenciatura en Administración Financiera. Actualmente, Creador de Contenido de #Finanzas, #Inversiones & #Negocios; y Asesor en Estrategias de Inversión (Figura 3) por la Asociación Mexicana de Instituciones Bursátiles (AMIB). Marcas De Tiempo:00:00 - Intro01:29 - ¿Quién es César Ramírez?03:16 - Los mitos más grandes de los impuestos05:11 - ¿Para qué sirven los impuestos?07:31 - ¿Qué tipos de impuestos existen?08:50 - ¿Todas las cosas tienen impuestos?10:28 - ¿Qué es la TUA?10:59 - ¿Qué es estar registrado en el SAT?12:23 - ¿Cómo tramitar el RFC?14:09 - ¿Qué pasa si pierdo mi e-firma?14:45 - ¿Todos tenemos que estar registrados en el SAT?15:15 - ¿Quiénes tienen que pagar impuestos?16:30 - ¿Cómo pagar impuestos como empleado?17:42 - ¿Cuándo tengo que presentar mi declaración de impuestos?19:26 - ¿Es difícil hacer una declaración de impuestos?21:38 - ¿Qué es una persona física y qué es una persona moral?24:04 - ¿Qué regímenes existen para las personas físicas?27:06 - ¿Cómo cambiar de régimen para persona física?28:14 - ¿Qué pasa si cambio mi actividad empresarial en el SAT?30:08 - ¿En qué fecha se hace la declaración de impuestos?30:36 - ¿Qué regímenes existen para las personas morales?32:07 - ¿Qué es un régimen fiscal?32:51 - ¿Qué pasa si no pagas impuestos?36:28 - ¿Por qué el SAT no dice cuánto debes pagar de impuestos?37:54 - ¿Se debe pagar impuestos por transferencias familiares?41:49 - ¿Pagar la tarjeta de crédito en efectivo es malo?42:51 - ¿Cómo el SAT se entera de los gastos?43:32 - ¿Es malo transferirse entre cuentas?44:04 - Los límites de comprar cosas con efectivo44:54 - ¿Qué es la UMA?45:28 - La ley de antilavado de dinero46:48 - ¿Cuál es el máximo de efectivo que se puede usar?47:04 - ¿Cómo se pagan los impuestos del efectivo?49:51 - ¿Por qué cosas no se pagan impuestos?51:22 - ¿Cómo pagar impuestos como freelancer?54:07 - ¿Cómo es una revisión del SAT?57:09 - ¿Todos los negocios deben estar registrados en el SAT?59:55 - ¿Qué es una factura y para qué sirve?1:03:08 - ¿Qué cosas se pueden facturar?1:04:16 - ¿Quién puede hacer una factura?1:04:57 - ¿El SAT te puede regresar dinero?1:07:05 - ¿Cuáles son las deducciones personales que existen?1:13:06 - ¿Es difícil hacer una factura?1:13:55 - ¿Cómo funciona la compra de facturas?1:19:08 - ¿Los impuestos de las inversiones se pagan?1:21:09 - Los impuestos dependiendo del sueldo1:22:20 - Los impuestos en las acciones de la bolsa de valores1:25:05 - ¿Cómo funcionan los impuestos con productos de otros países?1:28:33 - Los impuestos de las criptomonedas1:32:17 - Los impuestos de las cuentas de rendimientos (SOFIPOS)1:35:40 - ¿Cuándo se necesita un contador?1:37:18 - ¿Cómo elegir a un contador?1:38:32 - ¿Es caro tener un contador?1:40:48 - ¿Por qué tanta gente no paga impuestos?1:41:22 - ¿Cómo perder el miedo al SAT?1:41:43 - ¿Qué es un paraíso fiscal?",2025-02-19,6420816,César Ramírez,"Administración Financiera, Asociación Mexicana de Instituciones Bursátiles, Marcas De, UMA?45:28"
